{
  "project_info": {
    "project_number": "749520310769",
    "firebase_url": "https://hopebox-74d00.firebaseio.com",
    "project_id": "hopebox-74d00",
    "storage_bucket": "hopebox-74d00.appspot.com"
  },
  "client": [
    {
      "client_info": {
        "mobilesdk_app_id": "1:749520310769:android:c58c878c6f12fbf4483450",
        "android_client_info": {
          "package_name": "com.compethics.hopebox"
        }
      },
      "oauth_client": [
        {
          "client_id": "749520310769-ic82sbon47ih4joghd800pqf5761920h.apps.googleusercontent.com",
          "client_type": 3
        }
      ],
      "api_key": [
        {
          "current_key": "AIzaSyBYlQNAZAE0IqIySEt1dpIv-vxf_Qnb0o0"
        }
      ],
      "services": {
        "appinvite_service": {
          "other_platform_oauth_client": [
            {
              "client_id": "749520310769-ic82sbon47ih4joghd800pqf5761920h.apps.googleusercontent.com",
              "client_type": 3
            },
            {
              "client_id": "749520310769-erhvneivk4rr865okorg8bb31mrlmbkc.apps.googleusercontent.com",
              "client_type": 2,
              "ios_info": {
                "bundle_id": "com.example.hopebox"
              }
            }
          ]
        }
      }
    },
    {
      "client_info": {
        "mobilesdk_app_id": "1:749520310769:android:fdf8c69d6682cf5f483450",
        "android_client_info": {
          "package_name": "com.example.hopebox"
        }
      },
      "oauth_client": [
        {
          "client_id": "749520310769-ic82sbon47ih4joghd800pqf5761920h.apps.googleusercontent.com",
          "client_type": 3
        }
      ],
      "api_key": [
        {
          "current_key": "AIzaSyBYlQNAZAE0IqIySEt1dpIv-vxf_Qnb0o0"
        }
      ],
      "services": {
        "appinvite_service": {
          "other_platform_oauth_client": [
            {
              "client_id": "749520310769-ic82sbon47ih4joghd800pqf5761920h.apps.googleusercontent.com",
              "client_type": 3
            },
            {
              "client_id": "749520310769-erhvneivk4rr865okorg8bb31mrlmbkc.apps.googleusercontent.com",
              "client_type": 2,
              "ios_info": {
                "bundle_id": "com.example.hopebox"
              }
            }
          ]
        }
      }
    }
  ],
  "configuration_version": "1"
}